{"cameraMode":{"drawMode":0,"name":"Shaded","section":"Shading Mode"},"sceneLighting":false,"audioPlay":false,"sceneViewState":{"showFog":false,"showMaterialUpdate":false,"showSkybox":false,"showFlares":true,"showImageEffects":true,"showParticleSystems":true},"in2DMode":false,"pivot":{"x":10.01622486114502,"y":57.54408264160156,"z":93.62423706054688},"rotation":{"x":-0.07105621695518494,"y":-0.7220630645751953,"z":0.07500100135803223,"w":-0.6840750575065613},"size":1.103800654411316,"orthographic":false}