{"cameraMode":{"drawMode":0,"name":"Shaded","section":"Shading Mode"},"sceneLighting":true,"audioPlay":false,"sceneViewState":{"showFog":false,"showMaterialUpdate":false,"showSkybox":true,"showFlares":true,"showImageEffects":true,"showParticleSystems":true},"in2DMode":false,"pivot":{"x":12.335556030273438,"y":56.01364517211914,"z":97.12771606445313},"rotation":{"x":-0.1955777406692505,"y":-0.3384946286678314,"z":0.07214754819869995,"w":-0.9175915718078613},"size":4.138882637023926,"orthographic":false}